time,interval,encR,encL,wR,wL,wdotR,wdotL,wddotR,wddotL,pwmR,pwmL
4.835182189941406,0.00027108192443847656,0,0,0.0,0.0,0.0,0.0,0.0,0.0,50,50
4.869514226913452,0.001024007797241211,0,125,0.0,654.4984694978735,0.0,16362.461737446838,0.0,409061.54343617096,50,50
4.903133153915405,0.0006580352783203125,0,125,0.0,0.0,0.0,-16362.461737446838,0.0,-818123.0868723419,50,50
4.935721158981323,0.0006649494171142578,0,125,0.0,0.0,0.0,0.0,0.0,409061.54343617096,50,50
4.969304084777832,0.0006759166717529297,0,125,0.0,0.0,0.0,0.0,0.0,0.0,50,50
5.003178119659424,0.0006577968597412109,0,125,0.0,0.0,0.0,0.0,0.0,0.0,50,50
5.0352630615234375,0.0006709098815917969,0,125,0.0,0.0,0.0,0.0,0.0,0.0,50,50
5.0693440437316895,0.0006840229034423828,0,125,0.0,0.0,0.0,0.0,0.0,0.0,50,50
5.103476047515869,0.0007319450378417969,0,125,0.0,0.0,0.0,0.0,0.0,0.0,60,60
5.1352832317352295,0.0006699562072753906,1,126,5.235987755982988,5.235987755982988,130.8996938995747,130.8996938995747,3272.492347489367,3272.492347489367,60,60
5.1685950756073,0.0006761550903320312,5,126,20.94395102393195,0.0,392.6990816987241,-130.8996938995747,6544.984694978735,-6544.984694978734,60,60
5.203120231628418,0.0006639957427978516,10,126,26.17993877991494,0.0,130.89969389957474,0.0,-6544.984694978734,3272.492347489367,60,60
5.235608100891113,0.0006730556488037109,18,126,41.8879020478639,0.0,392.69908169872406,0.0,6544.9846949787325,0.0,60,60
5.269007205963135,0.0006699562072753906,28,126,52.35987755982988,0.0,261.7993877991495,0.0,-3272.4923474893644,0.0,60,60
5.303183078765869,0.0006780624389648438,39,126,57.595865315812866,0.0,130.89969389957457,0.0,-3272.4923474893726,0.0,60,60
5.335696220397949,0.0007309913635253906,51,126,62.83185307179586,0.0,130.8996938995749,0.0,8.526512829121202e-12,0.0,60,60
5.368940114974976,0.0006659030914306641,64,126,68.06784082777885,0.0,130.89969389957474,0.0,-4.263256414560601e-12,0.0,60,60
5.403124094009399,0.0006680488586425781,78,126,73.30382858376184,0.0,130.89969389957474,0.0,0.0,0.0,60,60
5.435710191726685,0.0007510185241699219,92,126,73.30382858376184,0.0,0.0,0.0,-3272.4923474893685,0.0,60,60
5.468955039978027,0.0006740093231201172,107,126,78.53981633974482,0.0,130.89969389957437,0.0,3272.4923474893594,0.0,60,60
5.50310206413269,0.0006589889526367188,123,126,83.7758040957278,0.0,130.89969389957474,0.0,9.237055564881302e-12,0.0,60,60
5.5357701778411865,0.0006718635559082031,139,126,83.7758040957278,0.0,0.0,0.0,-3272.4923474893685,0.0,60,60
5.568961143493652,0.0006740093231201172,155,128,83.7758040957278,10.471975511965976,0.0,261.7993877991494,0.0,6544.984694978734,60,60
5.603109121322632,0.0006680488586425781,172,132,89.01179185171081,20.94395102393195,130.89969389957508,261.7993877991494,3272.492347489377,0.0,60,60
5.635676145553589,0.0006630420684814453,189,136,89.01179185171081,20.94395102393195,0.0,0.0,-3272.492347489377,-6544.984694978734,60,60
5.669069051742554,0.0007271766662597656,207,142,94.24777960769379,31.41592653589793,130.89969389957437,261.7993877991495,3272.4923474893594,6544.984694978737,60,60
5.703123092651367,0.0006628036499023438,225,148,94.24777960769379,31.41592653589793,0.0,0.0,-3272.4923474893594,-6544.984694978737,60,60
5.735375165939331,0.0006651878356933594,243,155,94.24777960769379,36.65191429188092,0.0,130.89969389957474,0.0,3272.4923474893685,60,60
5.768985033035278,0.0006730556488037109,261,163,94.24777960769379,41.8879020478639,0.0,130.89969389957457,0.0,-4.263256414560601e-12,60,60
5.803112030029297,0.0006740093231201172,280,172,99.48376736367678,47.12388980384689,130.89969389957474,130.89969389957474,3272.4923474893685,4.263256414560601e-12,60,60
5.83575701713562,0.0006880760192871094,298,181,94.24777960769379,47.12388980384689,-130.89969389957474,0.0,-6544.984694978737,-3272.4923474893685,60,60
5.86896014213562,0.0006639957427978516,317,190,99.48376736367678,47.12388980384689,130.89969389957474,0.0,6544.984694978737,0.0,60,60
5.903107166290283,0.0006651878356933594,336,200,99.48376736367678,52.35987755982988,0.0,130.89969389957474,-3272.4923474893685,3272.4923474893685,60,60
5.93564510345459,0.0006668567657470703,354,211,94.24777960769379,57.595865315812866,-130.89969389957474,130.89969389957457,-3272.4923474893685,-4.263256414560601e-12,60,60
5.968634128570557,0.0006778240203857422,373,221,99.48376736367678,52.35987755982988,130.89969389957474,-130.89969389957457,6544.984694978737,-6544.984694978729,60,60
6.003255128860474,0.0006670951843261719,392,232,99.48376736367678,57.595865315812866,0.0,130.89969389957457,-3272.4923474893685,6544.984694978729,60,60
6.035706043243408,0.0006761550903320312,411,243,99.48376736367678,57.595865315812866,0.0,0.0,0.0,-3272.4923474893644,60,60
6.069032192230225,0.0006661415100097656,430,254,99.48376736367678,57.595865315812866,0.0,0.0,0.0,0.0,60,60
6.10314416885376,0.0006678104400634766,449,10,99.48376736367678,-1277.581012459849,0.0,-33379.42194439155,0.0,-834485.5486097888,60,60
6.135338068008423,0.0006630420684814453,468,22,99.48376736367678,62.83185307179586,0.0,33510.32163829112,0.0,1672243.5895670666,60,60
6.1686131954193115,0.0006721019744873047,487,34,99.48376736367678,62.83185307179586,0.0,0.0,0.0,-837758.040957278,60,60
6.203135013580322,0.0006768703460693359,506,46,99.48376736367678,62.83185307179586,0.0,0.0,0.0,0.0,60,60
6.235730171203613,0.0006852149963378906,525,58,99.48376736367678,62.83185307179586,0.0,0.0,0.0,0.0,60,60
6.269008159637451,0.0006759166717529297,545,70,104.71975511965977,62.83185307179586,130.89969389957474,0.0,3272.4923474893685,0.0,60,60
6.302350997924805,0.0006670951843261719,564,82,99.48376736367678,62.83185307179586,-130.89969389957474,0.0,-6544.984694978737,0.0,60,60
6.3353071212768555,0.0006570816040039062,584,95,104.71975511965977,68.06784082777885,130.89969389957474,130.89969389957474,6544.984694978737,3272.4923474893685,60,60
6.368652105331421,0.0006761550903320312,603,107,99.48376736367678,62.83185307179586,-130.89969389957474,-130.89969389957474,-6544.984694978737,-6544.984694978737,60,60
6.403123140335083,0.0006811618804931641,623,119,104.71975511965977,62.83185307179586,130.89969389957474,0.0,6544.984694978737,3272.4923474893685,60,60
6.436315059661865,0.0012400150299072266,642,131,99.48376736367678,62.83185307179586,-130.89969389957474,0.0,-6544.984694978737,0.0,60,60
6.468700170516968,0.000675201416015625,661,143,99.48376736367678,62.83185307179586,0.0,0.0,3272.4923474893685,0.0,60,60
6.515273094177246,0.014019012451171875,681,155,104.71975511965977,62.83185307179586,130.89969389957474,0.0,3272.4923474893685,0.0,60,60
6.548673152923584,0.01370096206665039,700,167,99.48376736367678,62.83185307179586,-130.89969389957474,0.0,-6544.984694978737,0.0,60,60
6.5963170528411865,0.027988910675048828,720,179,104.71975511965977,62.83185307179586,130.89969389957474,0.0,6544.984694978737,0.0,60,60
6.628245115280151,0.026568889617919922,740,192,104.71975511965977,68.06784082777885,0.0,130.89969389957474,-3272.4923474893685,3272.4923474893685,60,60
6.6756980419158936,0.04074501991271973,759,205,99.48376736367678,68.06784082777885,-130.89969389957474,0.0,-3272.4923474893685,-3272.4923474893685,60,60
6.707966089248657,0.030189990997314453,779,218,104.71975511965977,68.06784082777885,130.89969389957474,0.0,6544.984694978737,0.0,60,60
6.755928039550781,0.04764199256896973,799,231,104.71975511965977,68.06784082777885,0.0,0.0,-3272.4923474893685,0.0,60,60
6.7886130809783936,0.03062891960144043,818,244,99.48376736367678,68.06784082777885,-130.89969389957474,0.0,-3272.4923474893685,0.0,60,60
6.835360050201416,0.04642510414123535,838,257,104.71975511965977,68.06784082777885,130.89969389957474,0.0,6544.984694978737,0.0,60,60
6.868072032928467,0.030503034591674805,858,270,104.71975511965977,68.06784082777885,0.0,0.0,-3272.4923474893685,0.0,60,60
6.914774179458618,0.04640507698059082,877,283,99.48376736367678,68.06784082777885,-130.89969389957474,0.0,-3272.4923474893685,0.0,60,60
6.948541164398193,0.03172802925109863,896,295,99.48376736367678,62.83185307179586,0.0,-130.89969389957474,3272.4923474893685,-3272.4923474893685,60,60
6.996164083480835,0.04645991325378418,916,308,104.71975511965977,68.06784082777885,130.89969389957474,130.89969389957474,3272.4923474893685,6544.984694978737,60,60
7.02720308303833,0.030704975128173828,935,321,99.48376736367678,68.06784082777885,-130.89969389957474,0.0,-6544.984694978737,-3272.4923474893685,60,60
7.0747621059417725,0.04629707336425781,954,334,99.48376736367678,68.06784082777885,0.0,0.0,3272.4923474893685,0.0,60,60
7.107790231704712,0.03177690505981445,974,347,104.71975511965977,68.06784082777885,130.89969389957474,0.0,3272.4923474893685,0.0,60,60
7.155320167541504,0.04587817192077637,994,360,104.71975511965977,68.06784082777885,0.0,0.0,-3272.4923474893685,0.0,60,60
7.188078165054321,0.030487060546875,1013,373,99.48376736367678,68.06784082777885,-130.89969389957474,0.0,-3272.4923474893685,0.0,60,60
7.235544204711914,0.04651284217834473,1032,386,99.48376736367678,68.06784082777885,0.0,0.0,3272.4923474893685,0.0,60,60
7.2666192054748535,0.03063511848449707,1052,400,104.71975511965977,73.30382858376184,130.89969389957474,130.89969389957474,3272.4923474893685,3272.4923474893685,60,60
7.315381050109863,0.04752516746520996,1072,413,104.71975511965977,68.06784082777885,0.0,-130.89969389957474,-3272.4923474893685,-6544.984694978737,60,60
7.3479650020599365,0.030456066131591797,1091,426,99.48376736367678,68.06784082777885,-130.89969389957474,0.0,-3272.4923474893685,3272.4923474893685,60,60
7.395621061325073,0.04652094841003418,1111,439,104.71975511965977,68.06784082777885,130.89969389957474,0.0,6544.984694978737,0.0,60,60
7.427355051040649,0.03059697151184082,1131,452,104.71975511965977,68.06784082777885,0.0,0.0,-3272.4923474893685,0.0,60,60
7.474929094314575,0.046414852142333984,1151,465,104.71975511965977,68.06784082777885,0.0,0.0,0.0,0.0,60,60
7.507970094680786,0.03190493583679199,1170,478,99.48376736367678,68.06784082777885,-130.89969389957474,0.0,-3272.4923474893685,0.0,60,60
7.554772138595581,0.04646706581115723,1189,491,99.48376736367678,68.06784082777885,0.0,0.0,3272.4923474893685,0.0,60,60
7.586923122406006,0.030484914779663086,1209,504,104.71975511965977,68.06784082777885,130.89969389957474,0.0,3272.4923474893685,0.0,60,60
7.634303092956543,0.044805049896240234,1229,517,104.71975511965977,68.06784082777885,0.0,0.0,-3272.4923474893685,0.0,60,60
7.666909217834473,0.030531883239746094,1249,530,104.71975511965977,68.06784082777885,0.0,0.0,0.0,0.0,60,60
7.714784145355225,0.047653913497924805,1268,543,99.48376736367678,68.06784082777885,-130.89969389957474,0.0,-3272.4923474893685,0.0,60,60
7.746667146682739,0.03045797348022461,1287,557,99.48376736367678,73.30382858376184,0.0,130.89969389957474,3272.4923474893685,3272.4923474893685,60,60
7.795147180557251,0.04642295837402344,1307,570,104.71975511965977,68.06784082777885,130.89969389957474,-130.89969389957474,3272.4923474893685,-6544.984694978737,60,60
7.825911998748779,0.030472993850708008,1327,583,104.71975511965977,68.06784082777885,0.0,0.0,-3272.4923474893685,3272.4923474893685,60,60
7.874369144439697,0.0463709831237793,1347,596,104.71975511965977,68.06784082777885,0.0,0.0,0.0,0.0,60,60
7.9065492153167725,0.031848907470703125,1367,609,104.71975511965977,68.06784082777885,0.0,0.0,0.0,0.0,60,60
7.954959154129028,0.04626297950744629,1387,623,104.71975511965977,73.30382858376184,0.0,130.89969389957474,0.0,3272.4923474893685,60,60
7.986748218536377,0.03060603141784668,1407,636,104.71975511965977,68.06784082777885,0.0,-130.89969389957474,0.0,-6544.984694978737,60,60
8.034348011016846,0.04653501510620117,1426,649,99.48376736367678,68.06784082777885,-130.89969389957474,0.0,-3272.4923474893685,3272.4923474893685,60,60
8.066711187362671,0.03196096420288086,1445,662,99.48376736367678,68.06784082777885,0.0,0.0,3272.4923474893685,0.0,60,60
8.115082025527954,0.046109914779663086,1465,675,104.71975511965977,68.06784082777885,130.89969389957474,0.0,3272.4923474893685,0.0,60,60
8.145913124084473,0.03048110008239746,1485,689,104.71975511965977,73.30382858376184,0.0,130.89969389957474,-3272.4923474893685,3272.4923474893685,60,60
8.19445013999939,0.04649209976196289,1505,702,104.71975511965977,68.06784082777885,0.0,-130.89969389957474,0.0,-6544.984694978737,60,60
8.225308179855347,0.030524015426635742,1525,715,104.71975511965977,68.06784082777885,0.0,0.0,0.0,3272.4923474893685,60,60
8.273041009902954,0.04647493362426758,1545,728,104.71975511965977,68.06784082777885,0.0,0.0,0.0,0.0,60,60
8.306626081466675,0.03160810470581055,1565,741,104.71975511965977,68.06784082777885,0.0,0.0,0.0,0.0,60,60
8.353629112243652,0.04650402069091797,1585,754,104.71975511965977,68.06784082777885,0.0,0.0,0.0,0.0,60,60
8.385903120040894,0.030389070510864258,1604,767,99.48376736367678,68.06784082777885,-130.89969389957474,0.0,-3272.4923474893685,0.0,60,60
8.43301510810852,0.04653310775756836,1623,780,99.48376736367678,68.06784082777885,0.0,0.0,3272.4923474893685,0.0,60,60
8.466769218444824,0.031584978103637695,1642,793,99.48376736367678,68.06784082777885,0.0,0.0,0.0,0.0,60,60
8.513654232025146,0.04674792289733887,1662,806,104.71975511965977,68.06784082777885,130.89969389957474,0.0,3272.4923474893685,0.0,60,60
8.545685052871704,0.030305862426757812,1682,819,104.71975511965977,68.06784082777885,0.0,0.0,-3272.4923474893685,0.0,60,60
8.593192100524902,0.04478192329406738,1702,832,104.71975511965977,68.06784082777885,0.0,0.0,0.0,0.0,60,60
8.624661207199097,0.030252933502197266,1722,845,104.71975511965977,68.06784082777885,0.0,0.0,0.0,0.0,60,60
8.67364501953125,0.0477139949798584,1742,858,104.71975511965977,68.06784082777885,0.0,0.0,0.0,0.0,60,60
8.705215215682983,0.030371904373168945,1762,871,104.71975511965977,68.06784082777885,0.0,0.0,0.0,0.0,60,60
8.753169059753418,0.046617984771728516,1782,884,104.71975511965977,68.06784082777885,0.0,0.0,0.0,0.0,60,60
8.785791158676147,0.030568838119506836,1802,897,104.71975511965977,68.06784082777885,0.0,0.0,0.0,0.0,60,60
8.832423210144043,0.046321868896484375,1822,910,104.71975511965977,68.06784082777885,0.0,0.0,0.0,0.0,60,60
8.865965127944946,0.03154182434082031,1841,923,99.48376736367678,68.06784082777885,-130.89969389957474,0.0,-3272.4923474893685,0.0,60,60
8.91393518447876,0.04685401916503906,1860,936,99.48376736367678,68.06784082777885,0.0,0.0,3272.4923474893685,0.0,60,60
8.94539999961853,0.030384063720703125,1879,949,99.48376736367678,68.06784082777885,0.0,0.0,0.0,0.0,60,60
8.99256706237793,0.046794891357421875,1898,963,99.48376736367678,73.30382858376184,0.0,130.89969389957474,0.0,3272.4923474893685,60,60
9.025633096694946,0.03147006034851074,1917,976,99.48376736367678,68.06784082777885,0.0,-130.89969389957474,0.0,-6544.984694978737,60,60
9.073161125183105,0.04593682289123535,1937,989,104.71975511965977,68.06784082777885,130.89969389957474,0.0,3272.4923474893685,3272.4923474893685,60,60
9.10499119758606,0.030617952346801758,1957,1002,104.71975511965977,68.06784082777885,0.0,0.0,-3272.4923474893685,0.0,60,60
9.152542114257812,0.046235084533691406,1977,1015,104.71975511965977,68.06784082777885,0.0,0.0,0.0,0.0,60,60
9.18478512763977,0.030253171920776367,1997,1028,104.71975511965977,68.06784082777885,0.0,0.0,0.0,0.0,60,60
9.23206901550293,0.04687094688415527,2017,1041,104.71975511965977,68.06784082777885,0.0,0.0,0.0,0.0,60,60
9.26538610458374,0.031378984451293945,2037,1054,104.71975511965977,68.06784082777885,0.0,0.0,0.0,0.0,60,60
9.312566041946411,0.04682207107543945,2057,1067,104.71975511965977,68.06784082777885,0.0,0.0,0.0,0.0,60,60
9.344017028808594,0.030063152313232422,2077,1080,104.71975511965977,68.06784082777885,0.0,0.0,0.0,0.0,60,60
9.392746210098267,0.04665207862854004,2097,1093,104.71975511965977,68.06784082777885,0.0,0.0,0.0,0.0,60,60
9.424302101135254,0.03031301498413086,2117,1106,104.71975511965977,68.06784082777885,0.0,0.0,0.0,0.0,60,60
9.471311092376709,0.046682119369506836,2137,1119,104.71975511965977,68.06784082777885,0.0,0.0,0.0,0.0,60,60
9.504292011260986,0.031687021255493164,2157,1131,104.71975511965977,62.83185307179586,0.0,-130.89969389957474,0.0,-3272.4923474893685,60,60
9.551844120025635,0.045089006423950195,2177,1144,104.71975511965977,68.06784082777885,0.0,130.89969389957474,0.0,6544.984694978737,60,60
9.58339810371399,0.030184030532836914,2197,1157,104.71975511965977,68.06784082777885,0.0,0.0,0.0,-3272.4923474893685,60,60
9.631324052810669,0.0466609001159668,2217,1170,104.71975511965977,68.06784082777885,0.0,0.0,0.0,0.0,60,60
9.66472601890564,0.03143787384033203,2237,1183,104.71975511965977,68.06784082777885,0.0,0.0,0.0,0.0,60,60
9.711913108825684,0.0468289852142334,2257,1196,104.71975511965977,68.06784082777885,0.0,0.0,0.0,0.0,60,60
9.743376016616821,0.030208110809326172,2277,1209,104.71975511965977,68.06784082777885,0.0,0.0,0.0,0.0,60,60
9.792107105255127,0.04667401313781738,2297,1222,104.71975511965977,68.06784082777885,0.0,0.0,0.0,0.0,60,60
9.824526071548462,0.031655073165893555,2317,1235,104.71975511965977,68.06784082777885,0.0,0.0,0.0,0.0,60,60
9.871953010559082,0.04635190963745117,2337,1248,104.71975511965977,68.06784082777885,0.0,0.0,0.0,0.0,60,60
9.903396129608154,0.03001999855041504,2357,1261,104.71975511965977,68.06784082777885,0.0,0.0,0.0,0.0,60,60
9.952061176300049,0.04451799392700195,2376,1274,99.48376736367678,68.06784082777885,-130.89969389957474,0.0,-3272.4923474893685,0.0,60,60
9.982813119888306,0.030443906784057617,2395,1287,99.48376736367678,68.06784082777885,0.0,0.0,3272.4923474893685,0.0,60,60
10.030681133270264,0.04661917686462402,2414,1300,99.48376736367678,68.06784082777885,0.0,0.0,0.0,0.0,60,60
10.063298225402832,0.031324148178100586,2434,1313,104.71975511965977,68.06784082777885,130.89969389957474,0.0,3272.4923474893685,0.0,60,60
10.11128306388855,0.046716928482055664,2454,1326,104.71975511965977,68.06784082777885,0.0,0.0,-3272.4923474893685,0.0,70,70
10.143562078475952,0.03022599220275879,2474,1339,104.71975511965977,68.06784082777885,0.0,0.0,0.0,0.0,70,70
10.19080901145935,0.0467989444732666,2494,1352,104.71975511965977,68.06784082777885,0.0,0.0,0.0,0.0,70,70
10.224172115325928,0.031333208084106445,2514,1365,104.71975511965977,68.06784082777885,0.0,0.0,0.0,0.0,70,70
10.271430015563965,0.04688096046447754,2533,1378,99.48376736367678,68.06784082777885,-130.89969389957474,0.0,-3272.4923474893685,0.0,70,70
10.303298234939575,0.030670881271362305,2552,1391,99.48376736367678,68.06784082777885,0.0,0.0,3272.4923474893685,0.0,70,70
10.350634098052979,0.04503178596496582,2572,1403,104.71975511965977,62.83185307179586,130.89969389957474,-130.89969389957474,3272.4923474893685,-3272.4923474893685,70,70
10.39923906326294,0.04617595672607422,2592,1416,104.71975511965977,68.06784082777885,0.0,130.89969389957474,-3272.4923474893685,6544.984694978737,70,70
10.430807113647461,0.03022003173828125,2612,1429,104.71975511965977,68.06784082777885,0.0,0.0,0.0,-3272.4923474893685,70,70
10.46349310874939,0.03162193298339844,2631,1442,99.48376736367678,68.06784082777885,-130.89969389957474,0.0,-3272.4923474893685,0.0,70,70
10.511452198028564,0.046792030334472656,2650,1455,99.48376736367678,68.06784082777885,0.0,0.0,3272.4923474893685,0.0,70,70
10.55806016921997,0.046267032623291016,2670,1468,104.71975511965977,68.06784082777885,130.89969389957474,0.0,3272.4923474893685,0.0,70,70
10.590043067932129,0.03071284294128418,2690,1481,104.71975511965977,68.06784082777885,0.0,0.0,-3272.4923474893685,0.0,70,70
10.622790098190308,0.03152108192443848,2710,1494,104.71975511965977,68.06784082777885,0.0,0.0,0.0,0.0,70,70
10.670839071273804,0.046668052673339844,2729,1507,99.48376736367678,68.06784082777885,-130.89969389957474,0.0,-3272.4923474893685,0.0,70,70
10.718897104263306,0.04589700698852539,2748,1520,99.48376736367678,68.06784082777885,0.0,0.0,3272.4923474893685,0.0,70,70
10.750481128692627,0.030833959579467773,2767,1533,99.48376736367678,68.06784082777885,0.0,0.0,0.0,0.0,70,70
10.79750108718872,0.04479193687438965,2787,1546,104.71975511965977,68.06784082777885,130.89969389957474,0.0,3272.4923474893685,0.0,70,70
10.82943320274353,0.030668020248413086,2807,1559,104.71975511965977,68.06784082777885,0.0,0.0,-3272.4923474893685,0.0,70,70
10.87686800956726,0.04609394073486328,2827,1572,104.71975511965977,68.06784082777885,0.0,0.0,0.0,0.0,70,70
10.910808086395264,0.03191399574279785,2847,1585,104.71975511965977,68.06784082777885,0.0,0.0,0.0,0.0,70,70
10.95824909210205,0.046305179595947266,2867,1598,104.71975511965977,68.06784082777885,0.0,0.0,0.0,0.0,70,70
10.990208148956299,0.030858993530273438,2886,1610,99.48376736367678,62.83185307179586,-130.89969389957474,-130.89969389957474,-3272.4923474893685,-3272.4923474893685,70,70
11.036915063858032,0.0462949275970459,2905,1623,99.48376736367678,68.06784082777885,0.0,130.89969389957474,3272.4923474893685,6544.984694978737,70,70
11.069935083389282,0.031794071197509766,2924,1636,99.48376736367678,68.06784082777885,0.0,0.0,0.0,-3272.4923474893685,70,70
11.117574214935303,0.04635810852050781,2944,1649,104.71975511965977,68.06784082777885,130.89969389957474,0.0,3272.4923474893685,0.0,70,70
11.149389028549194,0.0305478572845459,2964,1661,104.71975511965977,62.83185307179586,0.0,-130.89969389957474,-3272.4923474893685,-3272.4923474893685,70,70
11.196930170059204,0.04627513885498047,2984,1674,104.71975511965977,68.06784082777885,0.0,130.89969389957474,0.0,6544.984694978737,70,70
11.229462146759033,0.03086996078491211,3004,1687,104.71975511965977,68.06784082777885,0.0,0.0,0.0,-3272.4923474893685,70,70
11.276220083236694,0.04459810256958008,3024,1700,104.71975511965977,68.06784082777885,0.0,0.0,0.0,0.0,70,70
11.309426069259644,0.03193306922912598,3044,1713,104.71975511965977,68.06784082777885,0.0,0.0,0.0,0.0,70,70
11.356888055801392,0.045886993408203125,3064,1726,104.71975511965977,68.06784082777885,0.0,0.0,0.0,0.0,70,70
11.388761043548584,0.03062891960144043,3084,1739,104.71975511965977,68.06784082777885,0.0,0.0,0.0,0.0,70,70
11.437071084976196,0.046189069747924805,3104,1752,104.71975511965977,68.06784082777885,0.0,0.0,0.0,0.0,70,70
11.470133066177368,0.032073974609375,3123,1765,99.48376736367678,68.06784082777885,-130.89969389957474,0.0,-3272.4923474893685,0.0,70,70
11.517084121704102,0.04648113250732422,3142,1778,99.48376736367678,68.06784082777885,0.0,0.0,3272.4923474893685,0.0,70,70
11.54948616027832,0.030353069305419922,3161,1791,99.48376736367678,68.06784082777885,0.0,0.0,0.0,0.0,70,70
11.596211194992065,0.04636096954345703,3181,1804,104.71975511965977,68.06784082777885,130.89969389957474,0.0,3272.4923474893685,0.0,70,70
11.629456043243408,0.031915903091430664,3201,1817,104.71975511965977,68.06784082777885,0.0,0.0,-3272.4923474893685,0.0,70,70
11.676937103271484,0.04618191719055176,3221,1830,104.71975511965977,68.06784082777885,0.0,0.0,0.0,0.0,70,70
11.709197044372559,0.03064107894897461,3241,1843,104.71975511965977,68.06784082777885,0.0,0.0,0.0,0.0,70,70
11.756293058395386,0.04474496841430664,3261,1856,104.71975511965977,68.06784082777885,0.0,0.0,0.0,0.0,70,70
11.788973093032837,0.030577898025512695,3281,1869,104.71975511965977,68.06784082777885,0.0,0.0,0.0,0.0,70,70
11.835637092590332,0.04635500907897949,3301,1882,104.71975511965977,68.06784082777885,0.0,0.0,0.0,0.0,70,70
11.868665218353271,0.03182411193847656,3321,1895,104.71975511965977,68.06784082777885,0.0,0.0,0.0,0.0,70,70
11.917312145233154,0.04650306701660156,3341,1908,104.71975511965977,68.06784082777885,0.0,0.0,0.0,0.0,70,70
11.948131084442139,0.030543804168701172,3361,1921,104.71975511965977,68.06784082777885,0.0,0.0,0.0,0.0,70,70
11.996458053588867,0.04621601104736328,3381,1934,104.71975511965977,68.06784082777885,0.0,0.0,0.0,0.0,70,70
12.029726028442383,0.03223991394042969,3401,1947,104.71975511965977,68.06784082777885,0.0,0.0,0.0,0.0,70,70
12.07730221748352,0.046272993087768555,3421,1960,104.71975511965977,68.06784082777885,0.0,0.0,0.0,0.0,70,70
12.108920097351074,0.030549049377441406,3440,1973,99.48376736367678,68.06784082777885,-130.89969389957474,0.0,-3272.4923474893685,0.0,70,70
12.155687093734741,0.04643607139587402,3459,1986,99.48376736367678,68.06784082777885,0.0,0.0,3272.4923474893685,0.0,70,70
12.18789005279541,0.030457019805908203,3478,1999,99.48376736367678,68.06784082777885,0.0,0.0,0.0,0.0,70,70
12.236033201217651,0.044827938079833984,3497,2012,99.48376736367678,68.06784082777885,0.0,0.0,0.0,0.0,70,70
12.268163204193115,0.03185582160949707,3517,2025,104.71975511965977,68.06784082777885,130.89969389957474,0.0,3272.4923474893685,0.0,70,70
12.315794229507446,0.04636406898498535,3537,2038,104.71975511965977,68.06784082777885,0.0,0.0,-3272.4923474893685,0.0,70,70
12.348319053649902,0.0304718017578125,3557,2051,104.71975511965977,68.06784082777885,0.0,0.0,0.0,0.0,70,70
12.395077228546143,0.046421051025390625,3577,2064,104.71975511965977,68.06784082777885,0.0,0.0,0.0,0.0,70,70
12.428181171417236,0.03183698654174805,3597,2077,104.71975511965977,68.06784082777885,0.0,0.0,0.0,0.0,70,70
12.476653099060059,0.04624485969543457,3617,2090,104.71975511965977,68.06784082777885,0.0,0.0,0.0,0.0,70,70
12.508353233337402,0.030668020248413086,3637,2103,104.71975511965977,68.06784082777885,0.0,0.0,0.0,0.0,70,70
12.555033206939697,0.0463871955871582,3657,2116,104.71975511965977,68.06784082777885,0.0,0.0,0.0,0.0,70,70
12.588091135025024,0.031846046447753906,3677,2129,104.71975511965977,68.06784082777885,0.0,0.0,0.0,0.0,70,70
12.635755062103271,0.0463871955871582,3696,2142,99.48376736367678,68.06784082777885,-130.89969389957474,0.0,-3272.4923474893685,0.0,70,70
12.667872190475464,0.030372142791748047,3715,2155,99.48376736367678,68.06784082777885,0.0,0.0,3272.4923474893685,0.0,70,70
12.715232133865356,0.044808149337768555,3735,2169,104.71975511965977,73.30382858376184,130.89969389957474,130.89969389957474,3272.4923474893685,3272.4923474893685,70,70
12.746931076049805,0.030343055725097656,3755,2182,104.71975511965977,68.06784082777885,0.0,-130.89969389957474,-3272.4923474893685,-6544.984694978737,70,70
12.794427156448364,0.04621696472167969,3775,2195,104.71975511965977,68.06784082777885,0.0,0.0,0.0,3272.4923474893685,70,70
12.827596187591553,0.031909942626953125,3795,2209,104.71975511965977,73.30382858376184,0.0,130.89969389957474,0.0,3272.4923474893685,70,70
12.875158071517944,0.0462651252746582,3815,2222,104.71975511965977,68.06784082777885,0.0,-130.89969389957474,0.0,-6544.984694978737,70,70
12.908034086227417,0.03031301498413086,3835,2235,104.71975511965977,68.06784082777885,0.0,0.0,0.0,3272.4923474893685,70,70
12.95443320274353,0.04605603218078613,3855,2249,104.71975511965977,73.30382858376184,0.0,130.89969389957474,0.0,3272.4923474893685,70,70
12.988319158554077,0.03186321258544922,3875,2262,104.71975511965977,68.06784082777885,0.0,-130.89969389957474,0.0,-6544.984694978737,70,70
13.03599500656128,0.046549081802368164,3895,2275,104.71975511965977,68.06784082777885,0.0,0.0,0.0,3272.4923474893685,70,70
13.066916227340698,0.030581951141357422,3914,2288,99.48376736367678,68.06784082777885,-130.89969389957474,0.0,-3272.4923474893685,0.0,70,70
13.11532211303711,0.04634594917297363,3933,2302,99.48376736367678,73.30382858376184,0.0,130.89969389957474,3272.4923474893685,3272.4923474893685,70,70
13.147565126419067,0.031903982162475586,3952,2315,99.48376736367678,68.06784082777885,0.0,-130.89969389957474,0.0,-6544.984694978737,70,70
13.195951223373413,0.04608798027038574,3972,2328,104.71975511965977,68.06784082777885,130.89969389957474,0.0,3272.4923474893685,3272.4923474893685,70,70
13.2277090549469,0.030607223510742188,3992,2341,104.71975511965977,68.06784082777885,0.0,0.0,-3272.4923474893685,0.0,70,70
13.274505138397217,0.04649019241333008,4012,2355,104.71975511965977,73.30382858376184,0.0,130.89969389957474,0.0,3272.4923474893685,70,70
13.307107210159302,0.03048396110534668,4032,2368,104.71975511965977,68.06784082777885,0.0,-130.89969389957474,0.0,-6544.984694978737,70,70
13.353914022445679,0.046484947204589844,4052,2381,104.71975511965977,68.06784082777885,0.0,0.0,0.0,3272.4923474893685,70,70
13.386953115463257,0.03168916702270508,4072,2395,104.71975511965977,73.30382858376184,0.0,130.89969389957474,0.0,3272.4923474893685,70,70
13.434552192687988,0.04635214805603027,4091,2408,99.48376736367678,68.06784082777885,-130.89969389957474,-130.89969389957474,-3272.4923474893685,-6544.984694978737,70,70
13.4670090675354,0.030406951904296875,4110,2421,99.48376736367678,68.06784082777885,0.0,0.0,3272.4923474893685,3272.4923474893685,70,70
13.51398515701294,0.04669785499572754,4129,2435,99.48376736367678,73.30382858376184,0.0,130.89969389957474,0.0,3272.4923474893685,70,70
13.546947002410889,0.03160405158996582,4149,2448,104.71975511965977,68.06784082777885,130.89969389957474,-130.89969389957474,3272.4923474893685,-6544.984694978737,70,70
13.594537019729614,0.04633307456970215,4169,2461,104.71975511965977,68.06784082777885,0.0,0.0,-3272.4923474893685,3272.4923474893685,70,70
13.62671709060669,0.03049302101135254,4189,2474,104.71975511965977,68.06784082777885,0.0,0.0,0.0,0.0,70,70
13.673933029174805,0.044764041900634766,4209,2487,104.71975511965977,68.06784082777885,0.0,0.0,0.0,0.0,70,70
13.706600189208984,0.030557870864868164,4229,2501,104.71975511965977,73.30382858376184,0.0,130.89969389957474,0.0,3272.4923474893685,70,70
13.754140138626099,0.04640483856201172,4249,2514,104.71975511965977,68.06784082777885,0.0,-130.89969389957474,0.0,-6544.984694978737,70,70
13.78630805015564,0.031900882720947266,4269,2527,104.71975511965977,68.06784082777885,0.0,0.0,0.0,3272.4923474893685,70,70
13.83406400680542,0.046263933181762695,4289,2540,104.71975511965977,68.06784082777885,0.0,0.0,0.0,0.0,70,70
13.866332054138184,0.03017592430114746,4308,2553,99.48376736367678,68.06784082777885,-130.89969389957474,0.0,-3272.4923474893685,0.0,70,70
13.914331197738647,0.04685187339782715,4327,2567,99.48376736367678,73.30382858376184,0.0,130.89969389957474,3272.4923474893685,3272.4923474893685,70,70
13.945808172225952,0.03036808967590332,4346,2580,99.48376736367678,68.06784082777885,0.0,-130.89969389957474,0.0,-6544.984694978737,70,70
13.992743015289307,0.04667806625366211,4365,2593,99.48376736367678,68.06784082777885,0.0,0.0,0.0,3272.4923474893685,70,70
14.026463031768799,0.03164815902709961,4385,2606,104.71975511965977,68.06784082777885,130.89969389957474,0.0,3272.4923474893685,0.0,70,70
14.073511123657227,0.0467531681060791,4405,2619,104.71975511965977,68.06784082777885,0.0,0.0,-3272.4923474893685,0.0,70,70
14.1059250831604,0.03041696548461914,4425,2632,104.71975511965977,68.06784082777885,0.0,0.0,0.0,0.0,70,70
14.153540134429932,0.044528961181640625,4445,2645,104.71975511965977,68.06784082777885,0.0,0.0,0.0,0.0,70,70
14.18564510345459,0.03180694580078125,4465,2659,104.71975511965977,73.30382858376184,0.0,130.89969389957474,0.0,3272.4923474893685,70,70
14.233598232269287,0.04669308662414551,4485,2672,104.71975511965977,68.06784082777885,0.0,-130.89969389957474,0.0,-6544.984694978737,70,70
14.264933109283447,0.03016495704650879,4505,2685,104.71975511965977,68.06784082777885,0.0,0.0,0.0,3272.4923474893685,70,70
14.313709020614624,0.04673314094543457,4525,2698,104.71975511965977,68.06784082777885,0.0,0.0,0.0,0.0,70,70
14.344982147216797,0.030343055725097656,4545,2711,104.71975511965977,68.06784082777885,0.0,0.0,0.0,0.0,70,70
14.3923020362854,0.04670000076293945,4565,2724,104.71975511965977,68.06784082777885,0.0,0.0,0.0,0.0,70,70
14.425812005996704,0.03149080276489258,4585,2737,104.71975511965977,68.06784082777885,0.0,0.0,0.0,0.0,70,70
14.472890138626099,0.04675793647766113,4605,2750,104.71975511965977,68.06784082777885,0.0,0.0,0.0,0.0,70,70
14.50516414642334,0.03023982048034668,4624,2763,99.48376736367678,68.06784082777885,-130.89969389957474,0.0,-3272.4923474893685,0.0,70,70
14.553139209747314,0.046833038330078125,4643,2776,99.48376736367678,68.06784082777885,0.0,0.0,3272.4923474893685,0.0,70,70
14.585398197174072,0.03159689903259277,4662,2789,99.48376736367678,68.06784082777885,0.0,0.0,0.0,0.0,70,70
14.633066177368164,0.046122074127197266,4682,2802,104.71975511965977,68.06784082777885,130.89969389957474,0.0,3272.4923474893685,0.0,70,70
14.665086030960083,0.030068159103393555,4702,2816,104.71975511965977,73.30382858376184,0.0,130.89969389957474,-3272.4923474893685,3272.4923474893685,70,70
14.712229013442993,0.04684281349182129,4722,2829,104.71975511965977,68.06784082777885,0.0,-130.89969389957474,0.0,-6544.984694978737,70,70
14.744553089141846,0.03025507926940918,4742,2843,104.71975511965977,73.30382858376184,0.0,130.89969389957474,0.0,6544.984694978737,70,70
14.792964220046997,0.04805493354797363,4762,2856,104.71975511965977,68.06784082777885,0.0,-130.89969389957474,0.0,-6544.984694978737,70,70
14.825236082077026,0.030204057693481445,4782,2869,104.71975511965977,68.06784082777885,0.0,0.0,0.0,3272.4923474893685,70,70
14.873163223266602,0.04675793647766113,4802,2882,104.71975511965977,68.06784082777885,0.0,0.0,0.0,0.0,70,70
14.904686212539673,0.031070947647094727,4821,2895,99.48376736367678,68.06784082777885,-130.89969389957474,0.0,-3272.4923474893685,0.0,70,70
14.951638221740723,0.04559803009033203,4840,2908,99.48376736367678,68.06784082777885,0.0,0.0,3272.4923474893685,0.0,70,70
14.984387159347534,0.03151583671569824,4860,2921,104.71975511965977,68.06784082777885,130.89969389957474,0.0,3272.4923474893685,0.0,70,70
15.033215999603271,0.04652714729309082,4880,2934,104.71975511965977,68.06784082777885,0.0,0.0,-3272.4923474893685,0.0,70,70
15.063705205917358,0.030273914337158203,4900,2947,104.71975511965977,68.06784082777885,0.0,0.0,0.0,0.0,70,70
15.111800193786621,0.04487895965576172,4920,2960,104.71975511965977,68.06784082777885,0.0,0.0,0.0,0.0,80,80
15.143902063369751,0.03008890151977539,4940,2973,104.71975511965977,68.06784082777885,0.0,0.0,0.0,0.0,80,80
15.191058158874512,0.046732187271118164,4960,2986,104.71975511965977,68.06784082777885,0.0,0.0,0.0,0.0,80,80
15.224928140640259,0.031553030014038086,4979,2999,99.48376736367678,68.06784082777885,-130.89969389957474,0.0,-3272.4923474893685,0.0,80,80
15.271696090698242,0.046543121337890625,4998,3013,99.48376736367678,73.30382858376184,0.0,130.89969389957474,3272.4923474893685,3272.4923474893685,80,80
15.305394172668457,0.031105995178222656,5018,3026,104.71975511965977,68.06784082777885,130.89969389957474,-130.89969389957474,3272.4923474893685,-6544.984694978737,80,80
15.35186505317688,0.04555702209472656,5038,3039,104.71975511965977,68.06784082777885,0.0,0.0,-3272.4923474893685,3272.4923474893685,80,80
15.383788108825684,0.0316009521484375,5058,3052,104.71975511965977,68.06784082777885,0.0,0.0,0.0,0.0,80,80
15.431652069091797,0.046620845794677734,5078,3065,104.71975511965977,68.06784082777885,0.0,0.0,0.0,0.0,80,80
15.463114023208618,0.030208826065063477,5098,3078,104.71975511965977,68.06784082777885,0.0,0.0,0.0,0.0,80,80
15.512264013290405,0.0466618537902832,5117,3091,99.48376736367678,68.06784082777885,-130.89969389957474,0.0,-3272.4923474893685,0.0,80,80
15.543752193450928,0.03122711181640625,5136,3104,99.48376736367678,68.06784082777885,0.0,0.0,3272.4923474893685,0.0,80,80
15.591699123382568,0.045738935470581055,5156,3117,104.71975511965977,68.06784082777885,130.89969389957474,0.0,3272.4923474893685,0.0,80,80
15.623195171356201,0.03012990951538086,5176,3130,104.71975511965977,68.06784082777885,0.0,0.0,-3272.4923474893685,0.0,80,80
15.671086072921753,0.046579837799072266,5196,3143,104.71975511965977,68.06784082777885,0.0,0.0,0.0,0.0,80,80
15.705043077468872,0.03267979621887207,5216,3156,104.71975511965977,68.06784082777885,0.0,0.0,0.0,0.0,80,80
15.751648187637329,0.045130014419555664,5235,3169,99.48376736367678,68.06784082777885,-130.89969389957474,0.0,-3272.4923474893685,0.0,80,80
15.784022092819214,0.030375003814697266,5254,3182,99.48376736367678,68.06784082777885,0.0,0.0,3272.4923474893685,0.0,80,80
15.831862211227417,0.046727895736694336,5274,3195,104.71975511965977,68.06784082777885,130.89969389957474,0.0,3272.4923474893685,0.0,80,80
15.862518072128296,0.03034210205078125,5294,3208,104.71975511965977,68.06784082777885,0.0,0.0,-3272.4923474893685,0.0,80,80
15.910413026809692,0.04662203788757324,5314,3221,104.71975511965977,68.06784082777885,0.0,0.0,0.0,0.0,80,80
15.943175077438354,0.03148293495178223,5334,3234,104.71975511965977,68.06784082777885,0.0,0.0,0.0,0.0,80,80
15.991821050643921,0.04661107063293457,5353,3247,99.48376736367678,68.06784082777885,-130.89969389957474,0.0,-3272.4923474893685,0.0,80,80
16.038461208343506,0.04631209373474121,5372,3260,99.48376736367678,68.06784082777885,0.0,0.0,3272.4923474893685,0.0,80,80
16.071091175079346,0.030627012252807617,5392,3273,104.71975511965977,68.06784082777885,130.89969389957474,0.0,3272.4923474893685,0.0,80,80
16.103631019592285,0.03188586235046387,5412,3286,104.71975511965977,68.06784082777885,0.0,0.0,-3272.4923474893685,0.0,80,80
16.151661157608032,0.04535818099975586,5432,3299,104.71975511965977,68.06784082777885,0.0,0.0,0.0,0.0,80,80
16.19845414161682,0.046215057373046875,5452,3312,104.71975511965977,68.06784082777885,0.0,0.0,0.0,0.0,80,80
16.230428218841553,0.030499935150146484,5471,3325,99.48376736367678,68.06784082777885,-130.89969389957474,0.0,-3272.4923474893685,0.0,80,80
16.277796030044556,0.045574188232421875,5490,3338,99.48376736367678,68.06784082777885,0.0,0.0,3272.4923474893685,0.0,80,80
16.309805154800415,0.03071117401123047,5510,3351,104.71975511965977,68.06784082777885,130.89969389957474,0.0,3272.4923474893685,0.0,80,80
16.358015060424805,0.04611015319824219,5530,3364,104.71975511965977,68.06784082777885,0.0,0.0,-3272.4923474893685,0.0,80,80
16.391215085983276,0.032089948654174805,5550,3377,104.71975511965977,68.06784082777885,0.0,0.0,0.0,0.0,80,80
16.437830209732056,0.046308040618896484,5569,3390,99.48376736367678,68.06784082777885,-130.89969389957474,0.0,-3272.4923474893685,0.0,80,80
16.469674110412598,0.030640840530395508,5588,3403,99.48376736367678,68.06784082777885,0.0,0.0,3272.4923474893685,0.0,80,80
16.517317056655884,0.044734954833984375,5608,3416,104.71975511965977,68.06784082777885,130.89969389957474,0.0,3272.4923474893685,0.0,80,80
16.550381183624268,0.03180813789367676,5628,3429,104.71975511965977,68.06784082777885,0.0,0.0,-3272.4923474893685,0.0,80,80
16.59782099723816,0.04619622230529785,5648,3443,104.71975511965977,73.30382858376184,0.0,130.89969389957474,0.0,3272.4923474893685,80,80
16.62980318069458,0.03072214126586914,5667,3456,99.48376736367678,68.06784082777885,-130.89969389957474,-130.89969389957474,-3272.4923474893685,-6544.984694978737,80,80
16.677293062210083,0.046174049377441406,5686,3469,99.48376736367678,68.06784082777885,0.0,0.0,3272.4923474893685,3272.4923474893685,80,80
16.70916199684143,0.030614137649536133,5706,3482,104.71975511965977,68.06784082777885,130.89969389957474,0.0,3272.4923474893685,0.0,80,80
16.75665807723999,0.046113014221191406,5726,3495,104.71975511965977,68.06784082777885,0.0,0.0,-3272.4923474893685,0.0,80,80
16.789814233779907,0.03190898895263672,5746,3508,104.71975511965977,68.06784082777885,0.0,0.0,0.0,0.0,80,80
16.838170051574707,0.046221017837524414,5765,3521,99.48376736367678,68.06784082777885,-130.89969389957474,0.0,-3272.4923474893685,0.0,80,80
16.869107007980347,0.030694007873535156,5785,3534,104.71975511965977,68.06784082777885,130.89969389957474,0.0,6544.984694978737,0.0,80,80
16.91782021522522,0.046525001525878906,5805,3547,104.71975511965977,68.06784082777885,0.0,0.0,-3272.4923474893685,0.0,80,80
16.950237035751343,0.03165793418884277,5825,3560,104.71975511965977,68.06784082777885,0.0,0.0,0.0,0.0,80,80
16.997302055358887,0.04572701454162598,5844,3573,99.48376736367678,68.06784082777885,-130.89969389957474,0.0,-3272.4923474893685,0.0,80,80
17.029953002929688,0.030607938766479492,5863,3586,99.48376736367678,68.06784082777885,0.0,0.0,3272.4923474893685,0.0,80,80
17.07743000984192,0.04633307456970215,5883,3600,104.71975511965977,73.30382858376184,130.89969389957474,130.89969389957474,3272.4923474893685,3272.4923474893685,80,80
17.108532190322876,0.030766963958740234,5903,3613,104.71975511965977,68.06784082777885,0.0,-130.89969389957474,-3272.4923474893685,-6544.984694978737,80,80
17.156029224395752,0.0462040901184082,5922,3626,99.48376736367678,68.06784082777885,-130.89969389957474,0.0,-3272.4923474893685,3272.4923474893685,80,80
17.18990206718445,0.03189682960510254,5941,3639,99.48376736367678,68.06784082777885,0.0,0.0,3272.4923474893685,0.0,80,80
17.237221002578735,0.04696297645568848,5961,3652,104.71975511965977,68.06784082777885,130.89969389957474,0.0,3272.4923474893685,0.0,80,80
17.268455028533936,0.03004598617553711,5981,3666,104.71975511965977,73.30382858376184,0.0,130.89969389957474,-3272.4923474893685,3272.4923474893685,80,80
17.31611204147339,0.04640388488769531,6001,3679,104.71975511965977,68.06784082777885,0.0,-130.89969389957474,0.0,-6544.984694978737,80,80
